station_abbr,station_name,station_canton,station_wigos_id,station_type_fr,station_type_en,station_dataowner,station_data_since,station_height_masl,station_height_barometer_masl,station_coordinates_lv95_east,station_coordinates_lv95_north,station_coordinates_wgs84_lat,station_coordinates_wgs84_lon,station_exposition_fr,station_exposition_en,station_url_fr,station_url_en
ABO,Adelboden,BE,0-20000-0-06735,Stations météorologiques automatiques,Automatic weather stations,MeteoSchweiz/SLF,01.01.1901,1321,1326,2609372,1148939,46.491703,7.560703,Versant sud-est,south-eastern oriented slope,https://www.meteosuisse.admin.ch/services-et-publications/applications/valeurs-mesurees-et-reseaux-de-mesure.html#param=messnetz-automatisch&station=ABO,https://www.meteoswiss.admin.ch/services-and-publications/applications/measurement-values-and-measuring-networks.html#param=messnetz-automatisch&station=ABO
AEG,Oberägeri,ZG,0-20000-0-06676,Stations météorologiques automatiques,Automatic weather stations,MeteoSchweiz,01.02.1993,724,,2688729,1220956,47.133636,8.608206,Plaine,plain,https://www.meteosuisse.admin.ch/services-et-publications/applications/valeurs-mesurees-et-reseaux-de-mesure.html#param=messnetz-automatisch&station=AEG,https://www.meteoswiss.admin.ch/services-and-publications/applications/measurement-values-and-measuring-networks.html#param=messnetz-automatisch&station=AEG
AIG,Aigle,VD,0-20000-0-06712,Stations météorologiques automatiques,Automatic weather stations,MeteoSchweiz,01.01.1961,381,382,2560404,1130713,46.326647,6.924472,Plaine,plain,https://www.meteosuisse.admin.ch/services-et-publications/applications/valeurs-mesurees-et-reseaux-de-mesure.html#param=messnetz-automatisch&station=AIG,https://www.meteoswiss.admin.ch/services-and-publications/applications/measurement-values-and-measuring-networks.html#param=messnetz-automatisch&station=AIG
ALT,Altdorf,UR,0-20000-0-06672,Stations météorologiques automatiques,Automatic weather stations,MeteoSchweiz,01.01.1864,438,440,2690181,1193564,46.887069,8.621894,Plaine,plain,https://www.meteosuisse.admin.ch/services-et-publications/applications/valeurs-mesurees-et-reseaux-de-mesure.html#param=messnetz-automatisch&station=ALT,https://www.meteoswiss.admin.ch/services-and-publications/applications/measurement-values-and-measuring-networks.html#param=messnetz-automatisch&station=ALT
AND,Andeer,GR,0-20000-0-06787,Stations météorologiques automatiques,Automatic weather stations,MeteoSchweiz,01.01.1901,987,988,2752692,1164038,46.610139,9.431981,Plaine,plain,https://www.meteosuisse.admin.ch/services-et-publications/applications/valeurs-mesurees-et-reseaux-de-mesure.html#param=messnetz-automatisch&station=AND,https://www.meteoswiss.admin.ch/services-and-publications/applications/measurement-values-and-measuring-networks.html#param=messnetz-automatisch&station=AND
ANT,Andermatt,UR,0-20000-0-06695,Stations météorologiques automatiques,Automatic weather stations,MeteoSchweiz/SLF,01.01.1864,1435,1436,2687445,1165044,46.630914,8.580553,Dépression,basin,https://www.meteosuisse.admin.ch/services-et-publications/applications/valeurs-mesurees-et-reseaux-de-mesure.html#param=messnetz-automatisch&station=ANT,https://www.meteoswiss.admin.ch/services-and-publications/applications/measurement-values-and-measuring-networks.html#param=messnetz-automatisch&station=ANT
ARH,Altenrhein,SG,0-20000-0-06690,Stations météorologiques automatiques,Automatic weather stations,MeteoSchweiz,15.01.1993,398,399,2760387,1261382,47.483631,9.56685,Plaine,plain,https://www.meteosuisse.admin.ch/services-et-publications/applications/valeurs-mesurees-et-reseaux-de-mesure.html#param=messnetz-automatisch&station=ARH,https://www.meteoswiss.admin.ch/services-and-publications/applications/measurement-values-and-measuring-networks.html#param=messnetz-automatisch&station=ARH
ARO,Arosa,GR,0-20000-0-06785,Stations météorologiques automatiques,Automatic weather stations,MeteoSchweiz/SLF,01.01.1890,1878,1879,2771031,1184830,46.792661,9.679014,Versant sud-est,south-eastern oriented slope,https://www.meteosuisse.admin.ch/services-et-publications/applications/valeurs-mesurees-et-reseaux-de-mesure.html#param=messnetz-automatisch&station=ARO,https://www.meteoswiss.admin.ch/services-and-publications/applications/measurement-values-and-measuring-networks.html#param=messnetz-automatisch&station=ARO
ATT,Les Attelas,VS,0-20000-0-06723,Stations météorologiques automatiques,Automatic weather stations,MeteoSchweiz,10.08.1993,2734,2735,2586854,1105302,46.0991,7.26865,Sommet,crest,https://www.meteosuisse.admin.ch/services-et-publications/applications/valeurs-mesurees-et-reseaux-de-mesure.html#param=messnetz-automatisch&station=ATT,https://www.meteoswiss.admin.ch/services-and-publications/applications/measurement-values-and-measuring-networks.html#param=messnetz-automatisch&station=ATT
BAN,Bantiger,BE,0-20000-0-06634,Stations météorologiques automatiques,Automatic weather stations,MeteoSchweiz,16.12.1992,942,,2606850,1202975,46.977806,7.528667,Sommet,crest,https://www.meteosuisse.admin.ch/services-et-publications/applications/valeurs-mesurees-et-reseaux-de-mesure.html#param=messnetz-automatisch&station=BAN,https://www.meteoswiss.admin.ch/services-and-publications/applications/measurement-values-and-measuring-networks.html#param=messnetz-automatisch&station=BAN
BAS,Basel / Binningen,BL,0-20000-0-06601,Stations météorologiques automatiques,Automatic weather stations,MeteoSchweiz,01.01.1755,316,318,2610909,1265612,47.541142,7.583525,Butte (30-100 m au-dessus du fond de vallée),height (30-100 m above valley),https://www.meteosuisse.admin.ch/services-et-publications/applications/valeurs-mesurees-et-reseaux-de-mesure.html#param=messnetz-automatisch&station=BAS,https://www.meteoswiss.admin.ch/services-and-publications/applications/measurement-values-and-measuring-networks.html#param=messnetz-automatisch&station=BAS
BEH,Passo del Bernina,GR,0-20000-0-06797,Stations météorologiques automatiques,Automatic weather stations,MeteoSchweiz,01.11.1908,2260,2261,2798423,1143020,46.409158,10.019567,Col,pass,https://www.meteosuisse.admin.ch/services-et-publications/applications/valeurs-mesurees-et-reseaux-de-mesure.html#param=messnetz-automatisch&station=BEH,https://www.meteoswiss.admin.ch/services-and-publications/applications/measurement-values-and-measuring-networks.html#param=messnetz-automatisch&station=BEH
BER,Bern / Zollikofen,BE,0-20000-0-06631,Stations météorologiques automatiques,Automatic weather stations,MeteoSchweiz,01.01.1864,553,554,2601934,1204410,46.990744,7.464061,Plaine,plain,https://www.meteosuisse.admin.ch/services-et-publications/applications/valeurs-mesurees-et-reseaux-de-mesure.html#param=messnetz-automatisch&station=BER,https://www.meteoswiss.admin.ch/services-and-publications/applications/measurement-values-and-measuring-networks.html#param=messnetz-automatisch&station=BER
BEZ,Beznau,AG,0-20000-0-06646,Stations météorologiques automatiques,Automatic weather stations,MeteoSchweiz,01.01.1959,326,327,2659813,1267696,47.557256,8.233325,Plaine,plain,https://www.meteosuisse.admin.ch/services-et-publications/applications/valeurs-mesurees-et-reseaux-de-mesure.html#param=messnetz-automatisch&station=BEZ,https://www.meteoswiss.admin.ch/services-and-publications/applications/measurement-values-and-measuring-networks.html#param=messnetz-automatisch&station=BEZ
BIA,Biasca,TI,0-756-0-BIA,Stations météorologiques automatiques,Automatic weather stations,MeteoSchweiz,01.01.1900,278,279,2718535,1132792,46.336053,8.978197,Plaine,plain,https://www.meteosuisse.admin.ch/services-et-publications/applications/valeurs-mesurees-et-reseaux-de-mesure.html#param=messnetz-automatisch&station=BIA,https://www.meteoswiss.admin.ch/services-and-publications/applications/measurement-values-and-measuring-networks.html#param=messnetz-automatisch&station=BIA
BIE,Bière,VD,0-20000-0-06704,Stations météorologiques automatiques,Automatic weather stations,MeteoSchweiz,01.05.1974,684,684,2515887,1153211,46.524908,6.342386,Plaine,plain,https://www.meteosuisse.admin.ch/services-et-publications/applications/valeurs-mesurees-et-reseaux-de-mesure.html#param=messnetz-automatisch&station=BIE,https://www.meteoswiss.admin.ch/services-and-publications/applications/measurement-values-and-measuring-networks.html#param=messnetz-automatisch&station=BIE
BIN,Binn,VS,0-20000-0-06721,Stations météorologiques automatiques,Automatic weather stations,MeteoSchweiz,01.08.1899,1479,,2657996,1135421,46.367661,8.192306,Vallée,valley,https://www.meteosuisse.admin.ch/services-et-publications/applications/valeurs-mesurees-et-reseaux-de-mesure.html#param=messnetz-automatisch&station=BIN,https://www.meteoswiss.admin.ch/services-and-publications/applications/measurement-values-and-measuring-networks.html#param=messnetz-automatisch&station=BIN
BIV,Bivio,GR,0-20000-0-06774,Stations météorologiques automatiques,Automatic weather stations,MeteoSchweiz/SLF,01.01.1892,1856,,2771283,1148119,46.462494,9.668639,Versant sud,southern oriented slope,https://www.meteosuisse.admin.ch/services-et-publications/applications/valeurs-mesurees-et-reseaux-de-mesure.html#param=messnetz-automatisch&station=BIV,https://www.meteoswiss.admin.ch/services-and-publications/applications/measurement-values-and-measuring-networks.html#param=messnetz-automatisch&station=BIV
BIZ,Bischofszell / Sitterdorf,TG,0-20000-0-06678,Stations météorologiques automatiques,Automatic weather stations,MeteoSchweiz,01.01.1900,507,508,2737714,1263613,47.508828,9.266797,Plaine,plain,https://www.meteosuisse.admin.ch/services-et-publications/applications/valeurs-mesurees-et-reseaux-de-mesure.html#param=messnetz-automatisch&station=BIZ,https://www.meteoswiss.admin.ch/services-and-publications/applications/measurement-values-and-measuring-networks.html#param=messnetz-automatisch&station=BIZ
BLA,Blatten Lötschental,VS,0-20000-0-06725,Stations météorologiques automatiques,Automatic weather stations,MeteoSchweiz,01.01.1959,1538,1539,2629564,1141084,46.420453,7.823194,Vallée,valley,https://www.meteosuisse.admin.ch/services-et-publications/applications/valeurs-mesurees-et-reseaux-de-mesure.html#param=messnetz-automatisch&station=BLA,https://www.meteoswiss.admin.ch/services-and-publications/applications/measurement-values-and-measuring-networks.html#param=messnetz-automatisch&station=BLA
BOL,Boltigen,BE,0-20000-0-06733,Stations météorologiques automatiques,Automatic weather stations,MeteoSchweiz,01.01.1959,820,821,2595831,1163587,46.623519,7.384206,Plaine,plain,https://www.meteosuisse.admin.ch/services-et-publications/applications/valeurs-mesurees-et-reseaux-de-mesure.html#param=messnetz-automatisch&station=BOL,https://www.meteoswiss.admin.ch/services-and-publications/applications/measurement-values-and-measuring-networks.html#param=messnetz-automatisch&station=BOL
BOU,Bouveret,VS,0-20000-0-06709,Stations météorologiques automatiques,Automatic weather stations,MeteoSchweiz,14.09.1993,374,375,2555263,1138175,46.393447,6.857006,Plaine,plain,https://www.meteosuisse.admin.ch/services-et-publications/applications/valeurs-mesurees-et-reseaux-de-mesure.html#param=messnetz-automatisch&station=BOU,https://www.meteoswiss.admin.ch/services-and-publications/applications/measurement-values-and-measuring-networks.html#param=messnetz-automatisch&station=BOU
BRL,La Brévine,NE,0-20000-0-06617,Stations météorologiques automatiques,Automatic weather stations,MeteoSchweiz,01.01.1901,1050,1051,2536981,1203975,46.983844,6.610297,Plaine,plain,https://www.meteosuisse.admin.ch/services-et-publications/applications/valeurs-mesurees-et-reseaux-de-mesure.html#param=messnetz-automatisch&station=BRL,https://www.meteoswiss.admin.ch/services-and-publications/applications/measurement-values-and-measuring-networks.html#param=messnetz-automatisch&station=BRL
BRZ,Brienz,BE,0-20000-0-06656,Stations météorologiques automatiques,Automatic weather stations,MeteoSchweiz,01.01.1901,567,568,2647553,1176803,46.740719,8.060864,Plaine,plain,https://www.meteosuisse.admin.ch/services-et-publications/applications/valeurs-mesurees-et-reseaux-de-mesure.html#param=messnetz-automatisch&station=BRZ,https://www.meteoswiss.admin.ch/services-and-publications/applications/measurement-values-and-measuring-networks.html#param=messnetz-automatisch&station=BRZ
BUF,Buffalora,GR,0-20000-0-06778,Stations météorologiques automatiques,Automatic weather stations,MeteoSchweiz,01.01.1917,1971,1970,2816494,1170255,46.648408,10.2672,Plaine,plain,https://www.meteosuisse.admin.ch/services-et-publications/applications/valeurs-mesurees-et-reseaux-de-mesure.html#param=messnetz-automatisch&station=BUF,https://www.meteoswiss.admin.ch/services-and-publications/applications/measurement-values-and-measuring-networks.html#param=messnetz-automatisch&station=BUF
BUS,Buchs / Aarau,AG,0-20000-0-06633,Stations météorologiques automatiques,Automatic weather stations,MeteoSchweiz,01.01.1959,387,388,2648396,1248370,47.384381,8.07955,Plaine,plain,https://www.meteosuisse.admin.ch/services-et-publications/applications/valeurs-mesurees-et-reseaux-de-mesure.html#param=messnetz-automatisch&station=BUS,https://www.meteoswiss.admin.ch/services-and-publications/applications/measurement-values-and-measuring-networks.html#param=messnetz-automatisch&station=BUS
CDF,La Chaux-de-Fonds,NE,0-20000-0-06612,Stations météorologiques automatiques,Automatic weather stations,MeteoSchweiz,01.01.1900,1017,1018,2550919,1214862,47.082947,6.792314,Dépression,basin,https://www.meteosuisse.admin.ch/services-et-publications/applications/valeurs-mesurees-et-reseaux-de-mesure.html#param=messnetz-automatisch&station=CDF,https://www.meteoswiss.admin.ch/services-and-publications/applications/measurement-values-and-measuring-networks.html#param=messnetz-automatisch&station=CDF
CDM,Col des Mosses,VD,0-20000-0-06713,Stations météorologiques automatiques,Automatic weather stations,MeteoSchweiz,01.01.1972,1412,,2573817,1137853,46.391525,7.098239,Col,pass,https://www.meteosuisse.admin.ch/services-et-publications/applications/valeurs-mesurees-et-reseaux-de-mesure.html#param=messnetz-automatisch&station=CDM,https://www.meteoswiss.admin.ch/services-and-publications/applications/measurement-values-and-measuring-networks.html#param=messnetz-automatisch&station=CDM
CEV,Cevio,TI,0-20000-0-06752,Stations météorologiques automatiques,Automatic weather stations,MeteoSchweiz,01.01.1900,417,422,2689688,1130564,46.320486,8.603161,Vallée,valley,https://www.meteosuisse.admin.ch/services-et-publications/applications/valeurs-mesurees-et-reseaux-de-mesure.html#param=messnetz-automatisch&station=CEV,https://www.meteoswiss.admin.ch/services-and-publications/applications/measurement-values-and-measuring-networks.html#param=messnetz-automatisch&station=CEV
CGI,Nyon / Changins,VD,0-20000-0-06705,Stations météorologiques automatiques,Automatic weather stations,MeteoSchweiz,01.01.1959,458,460,2506878,1139574,46.401053,6.227722,Butte (30-100 m au-dessus du fond de vallée),height (30-100 m above valley),https://www.meteosuisse.admin.ch/services-et-publications/applications/valeurs-mesurees-et-reseaux-de-mesure.html#param=messnetz-automatisch&station=CGI,https://www.meteoswiss.admin.ch/services-and-publications/applications/measurement-values-and-measuring-networks.html#param=messnetz-automatisch&station=CGI
CHA,Chasseral,BE,0-20000-0-06605,Stations météorologiques automatiques,Automatic weather stations,MeteoSchweiz,31.12.1980,1594,1596,2570845,1220158,47.131761,7.054367,Sommet,crest,https://www.meteosuisse.admin.ch/services-et-publications/applications/valeurs-mesurees-et-reseaux-de-mesure.html#param=messnetz-automatisch&station=CHA,https://www.meteoswiss.admin.ch/services-and-publications/applications/measurement-values-and-measuring-networks.html#param=messnetz-automatisch&station=CHA
CHB,Les Charbonnières,VD,0-20000-0-06703,Stations météorologiques automatiques,Automatic weather stations,MeteoSchweiz,01.01.1959,1045,1046,2513821,1169388,46.67015,6.312428,Versant sud,southern oriented slope,https://www.meteosuisse.admin.ch/services-et-publications/applications/valeurs-mesurees-et-reseaux-de-mesure.html#param=messnetz-automatisch&station=CHB,https://www.meteoswiss.admin.ch/services-and-publications/applications/measurement-values-and-measuring-networks.html#param=messnetz-automatisch&station=CHB
CHD,Château-d'Oex,VD,0-20000-0-06627,Stations météorologiques automatiques,Automatic weather stations,MeteoSchweiz,01.01.1879,1028,1029,2577040,1147655,46.479819,7.139656,Versant sud,southern oriented slope,https://www.meteosuisse.admin.ch/services-et-publications/applications/valeurs-mesurees-et-reseaux-de-mesure.html#param=messnetz-automatisch&station=CHD,https://www.meteoswiss.admin.ch/services-and-publications/applications/measurement-values-and-measuring-networks.html#param=messnetz-automatisch&station=CHD
CHM,Chaumont,NE,0-20000-0-06608,Stations météorologiques automatiques,Automatic weather stations,MeteoSchweiz,01.01.1864,1136,1137,2565060,1211007,47.049169,6.978825,Butte (30-100 m au-dessus du fond de vallée),height (30-100 m above valley),https://www.meteosuisse.admin.ch/services-et-publications/applications/valeurs-mesurees-et-reseaux-de-mesure.html#param=messnetz-automatisch&station=CHM,https://www.meteoswiss.admin.ch/services-and-publications/applications/measurement-values-and-measuring-networks.html#param=messnetz-automatisch&station=CHM
CHU,Chur,GR,0-20000-0-06786,Stations météorologiques automatiques,Automatic weather stations,MeteoSchweiz,01.01.1887,556,557,2759485,1193176,46.870572,9.530761,Plaine,plain,https://www.meteosuisse.admin.ch/services-et-publications/applications/valeurs-mesurees-et-reseaux-de-mesure.html#param=messnetz-automatisch&station=CHU,https://www.meteoswiss.admin.ch/services-and-publications/applications/measurement-values-and-measuring-networks.html#param=messnetz-automatisch&station=CHU
CHZ,Cham,ZG,0-20000-0-06674,Stations météorologiques automatiques,Automatic weather stations,MeteoSchweiz,01.01.1961,443,443,2677759,1226878,47.188278,8.464642,Butte (30-100 m au-dessus du fond de vallée),height (30-100 m above valley),https://www.meteosuisse.admin.ch/services-et-publications/applications/valeurs-mesurees-et-reseaux-de-mesure.html#param=messnetz-automatisch&station=CHZ,https://www.meteoswiss.admin.ch/services-and-publications/applications/measurement-values-and-measuring-networks.html#param=messnetz-automatisch&station=CHZ
CIM,Cimetta,TI,0-20000-0-06759,Stations météorologiques automatiques,Automatic weather stations,MeteoSchweiz,13.10.1981,1661,1662,2704434,1117457,46.200467,8.79165,Sommet,crest,https://www.meteosuisse.admin.ch/services-et-publications/applications/valeurs-mesurees-et-reseaux-de-mesure.html#param=messnetz-automatisch&station=CIM,https://www.meteoswiss.admin.ch/services-and-publications/applications/measurement-values-and-measuring-networks.html#param=messnetz-automatisch&station=CIM
CMA,Crap Masegn,GR,0-20000-0-06688,Stations météorologiques automatiques,Automatic weather stations,MeteoSchweiz,13.02.1992,2468,2484,2732824,1189378,46.842275,9.180042,Sommet,crest,https://www.meteosuisse.admin.ch/services-et-publications/applications/valeurs-mesurees-et-reseaux-de-mesure.html#param=messnetz-automatisch&station=CMA,https://www.meteoswiss.admin.ch/services-and-publications/applications/measurement-values-and-measuring-networks.html#param=messnetz-automatisch&station=CMA
COM,Acquarossa / Comprovasco,TI,0-20000-0-06756,Stations météorologiques automatiques,Automatic weather stations,MeteoSchweiz,01.01.1900,575,576,2714985,1146451,46.459517,8.935486,Vallée,valley,https://www.meteosuisse.admin.ch/services-et-publications/applications/valeurs-mesurees-et-reseaux-de-mesure.html#param=messnetz-automatisch&station=COM,https://www.meteoswiss.admin.ch/services-and-publications/applications/measurement-values-and-measuring-networks.html#param=messnetz-automatisch&station=COM
COV,Piz Corvatsch,GR,0-20000-0-06791,Stations météorologiques automatiques,Automatic weather stations,MeteoSchweiz,26.07.1979,3294,3302,2783156,1143524,46.418039,9.821308,Sommet,crest,https://www.meteosuisse.admin.ch/services-et-publications/applications/valeurs-mesurees-et-reseaux-de-mesure.html#param=messnetz-automatisch&station=COV,https://www.meteoswiss.admin.ch/services-and-publications/applications/measurement-values-and-measuring-networks.html#param=messnetz-automatisch&station=COV
COY,Courtelary,BE,0-20000-0-06710,Stations météorologiques automatiques,Automatic weather stations,MeteoSchweiz,01.01.1913,695,,2573623,1225598,47.180811,7.090656,Plaine,plain,https://www.meteosuisse.admin.ch/services-et-publications/applications/valeurs-mesurees-et-reseaux-de-mesure.html#param=messnetz-automatisch&station=COY,https://www.meteoswiss.admin.ch/services-and-publications/applications/measurement-values-and-measuring-networks.html#param=messnetz-automatisch&station=COY
CRM,Cressier,NE,0-20000-0-06606,Stations météorologiques automatiques,Automatic weather stations,MeteoSchweiz,24.10.1991,430,431,2571163,1210798,47.047581,7.059147,Plaine,plain,https://www.meteosuisse.admin.ch/services-et-publications/applications/valeurs-mesurees-et-reseaux-de-mesure.html#param=messnetz-automatisch&station=CRM,https://www.meteoswiss.admin.ch/services-and-publications/applications/measurement-values-and-measuring-networks.html#param=messnetz-automatisch&station=CRM
DAV,Davos,GR,0-20000-0-06784,Stations météorologiques automatiques,Automatic weather stations,MeteoSchweiz/SLF,01.01.1864,1594,1596,2783519,1187459,46.812969,9.843558,Versant sud-est,south-eastern oriented slope,https://www.meteosuisse.admin.ch/services-et-publications/applications/valeurs-mesurees-et-reseaux-de-mesure.html#param=messnetz-automatisch&station=DAV,https://www.meteoswiss.admin.ch/services-and-publications/applications/measurement-values-and-measuring-networks.html#param=messnetz-automatisch&station=DAV
DEM,Delémont,JU,0-20000-0-06602,Stations météorologiques automatiques,Automatic weather stations,MeteoSchweiz,14.07.1892,439,440,2593270,1244543,47.351706,7.349567,Plaine,plain,https://www.meteosuisse.admin.ch/services-et-publications/applications/valeurs-mesurees-et-reseaux-de-mesure.html#param=messnetz-automatisch&station=DEM,https://www.meteoswiss.admin.ch/services-and-publications/applications/measurement-values-and-measuring-networks.html#param=messnetz-automatisch&station=DEM
DIA,Les Diablerets,VD,0-20000-0-06714,Stations météorologiques automatiques,Automatic weather stations,MeteoSchweiz,12.10.1992,2964,2965,2581913,1130622,46.32675,7.203781,Sommet,crest,https://www.meteosuisse.admin.ch/services-et-publications/applications/valeurs-mesurees-et-reseaux-de-mesure.html#param=messnetz-automatisch&station=DIA,https://www.meteoswiss.admin.ch/services-and-publications/applications/measurement-values-and-measuring-networks.html#param=messnetz-automatisch&station=DIA
DIS,Disentis,GR,0-20000-0-06782,Stations météorologiques automatiques,Automatic weather stations,MeteoSchweiz,01.01.1959,1197,1198,2708191,1173793,46.706569,8.853478,Versant sud-est,south-eastern oriented slope,https://www.meteosuisse.admin.ch/services-et-publications/applications/valeurs-mesurees-et-reseaux-de-mesure.html#param=messnetz-automatisch&station=DIS,https://www.meteoswiss.admin.ch/services-and-publications/applications/measurement-values-and-measuring-networks.html#param=messnetz-automatisch&station=DIS
DOL,La Dôle,VD,0-20000-0-06702,Stations météorologiques automatiques,Automatic weather stations,MeteoSchweiz,01.01.1973,1670,1671,2497059,1142373,46.424794,6.099453,Sommet,crest,https://www.meteosuisse.admin.ch/services-et-publications/applications/valeurs-mesurees-et-reseaux-de-mesure.html#param=messnetz-automatisch&station=DOL,https://www.meteoswiss.admin.ch/services-and-publications/applications/measurement-values-and-measuring-networks.html#param=messnetz-automatisch&station=DOL
EBK,Ebnat-Kappel,SG,0-20000-0-06693,Stations météorologiques automatiques,Automatic weather stations,MeteoSchweiz,01.08.1879,623,624,2726348,1237176,47.273389,9.108494,Vallée,valley,https://www.meteosuisse.admin.ch/services-et-publications/applications/valeurs-mesurees-et-reseaux-de-mesure.html#param=messnetz-automatisch&station=EBK,https://www.meteoswiss.admin.ch/services-and-publications/applications/measurement-values-and-measuring-networks.html#param=messnetz-automatisch&station=EBK
EGH,Eggishorn,VS,0-20000-0-06739,Stations météorologiques automatiques,Automatic weather stations,MeteoSchweiz,20.10.1993,2892,2893,2650279,1141897,46.426528,8.092728,Sommet,crest,https://www.meteosuisse.admin.ch/services-et-publications/applications/valeurs-mesurees-et-reseaux-de-mesure.html#param=messnetz-automatisch&station=EGH,https://www.meteoswiss.admin.ch/services-and-publications/applications/measurement-values-and-measuring-networks.html#param=messnetz-automatisch&station=EGH
EGO,Egolzwil,LU,0-20000-0-06648,Stations météorologiques automatiques,Automatic weather stations,MeteoSchweiz,01.01.1961,522,523,2642913,1225541,47.179428,8.004758,Plaine,plain,https://www.meteosuisse.admin.ch/services-et-publications/applications/valeurs-mesurees-et-reseaux-de-mesure.html#param=messnetz-automatisch&station=EGO,https://www.meteoswiss.admin.ch/services-and-publications/applications/measurement-values-and-measuring-networks.html#param=messnetz-automatisch&station=EGO
EIN,Einsiedeln,SZ,0-20000-0-06675,Stations météorologiques automatiques,Automatic weather stations,MeteoSchweiz,01.01.1864,911,912,2699984,1221068,47.133042,8.756556,Plaine,plain,https://www.meteosuisse.admin.ch/services-et-publications/applications/valeurs-mesurees-et-reseaux-de-mesure.html#param=messnetz-automatisch&station=EIN,https://www.meteoswiss.admin.ch/services-and-publications/applications/measurement-values-and-measuring-networks.html#param=messnetz-automatisch&station=EIN
ELM,Elm,GL,0-20000-0-06682,Stations météorologiques automatiques,Automatic weather stations,MeteoSchweiz,01.02.1878,958,958,2732266,1198424,46.923742,9.175347,Plaine,plain,https://www.meteosuisse.admin.ch/services-et-publications/applications/valeurs-mesurees-et-reseaux-de-mesure.html#param=messnetz-automatisch&station=ELM,https://www.meteoswiss.admin.ch/services-and-publications/applications/measurement-values-and-measuring-networks.html#param=messnetz-automatisch&station=ELM
ENG,Engelberg,OW,0-20000-0-06655,Stations météorologiques automatiques,Automatic weather stations,MeteoSchweiz/SLF,01.01.1864,1036,1037,2674162,1186069,46.821639,8.410514,Versant sud-ouest,south-western oriented slope,https://www.meteosuisse.admin.ch/services-et-publications/applications/valeurs-mesurees-et-reseaux-de-mesure.html#param=messnetz-automatisch&station=ENG,https://www.meteoswiss.admin.ch/services-and-publications/applications/measurement-values-and-measuring-networks.html#param=messnetz-automatisch&station=ENG
EVI,Evionnaz,VS,0-20000-0-06715,Stations météorologiques automatiques,Automatic weather stations,MeteoSchweiz,30.08.1993,482,483,2568196,1114693,46.182953,7.026747,Butte (30-100 m au-dessus du fond de vallée),height (30-100 m above valley),https://www.meteosuisse.admin.ch/services-et-publications/applications/valeurs-mesurees-et-reseaux-de-mesure.html#param=messnetz-automatisch&station=EVI,https://www.meteoswiss.admin.ch/services-and-publications/applications/measurement-values-and-measuring-networks.html#param=messnetz-automatisch&station=EVI
EVO,Evolène / Villa,VS,0-20000-0-06722,Stations météorologiques automatiques,Automatic weather stations,MeteoSchweiz,23.09.1986,1825,1829,2605412,1106748,46.112211,7.508631,Versant sud-ouest,south-western oriented slope,https://www.meteosuisse.admin.ch/services-et-publications/applications/valeurs-mesurees-et-reseaux-de-mesure.html#param=messnetz-automatisch&station=EVO,https://www.meteoswiss.admin.ch/services-and-publications/applications/measurement-values-and-measuring-networks.html#param=messnetz-automatisch&station=EVO
FAH,Fahy,JU,0-20000-0-06616,Stations météorologiques automatiques,Automatic weather stations,MeteoSchweiz,01.01.1957,596,598,2562465,1252676,47.423814,6.941194,Plaine,plain,https://www.meteosuisse.admin.ch/services-et-publications/applications/valeurs-mesurees-et-reseaux-de-mesure.html#param=messnetz-automatisch&station=FAH,https://www.meteoswiss.admin.ch/services-and-publications/applications/measurement-values-and-measuring-networks.html#param=messnetz-automatisch&station=FAH
FLU,Flühli,LU,,Stations météorologiques automatiques,Automatic weather stations,MeteoSchweiz,01.08.1882,940,,2644333,1193311,46.889436,8.020336,Versant ouest,western oriented slope,https://www.meteosuisse.admin.ch/services-et-publications/applications/valeurs-mesurees-et-reseaux-de-mesure.html#param=messnetz-automatisch&station=FLU,https://www.meteoswiss.admin.ch/services-and-publications/applications/measurement-values-and-measuring-networks.html#param=messnetz-automatisch&station=FLU
FRE,Bullet / La Frétaz,VD,0-20000-0-06619,Stations météorologiques automatiques,Automatic weather stations,MeteoSchweiz,01.01.1978,1205,1207,2534225,1188082,46.840622,6.576369,Versant sud-est,south-eastern oriented slope,https://www.meteosuisse.admin.ch/services-et-publications/applications/valeurs-mesurees-et-reseaux-de-mesure.html#param=messnetz-automatisch&station=FRE,https://www.meteoswiss.admin.ch/services-and-publications/applications/measurement-values-and-measuring-networks.html#param=messnetz-automatisch&station=FRE
FRU,Frutigen,BE,0-20000-0-06613,Stations météorologiques automatiques,Automatic weather stations,MeteoSchweiz,01.01.1901,756,,2616773,1160884,46.599003,7.657542,Plaine,plain,https://www.meteosuisse.admin.ch/services-et-publications/applications/valeurs-mesurees-et-reseaux-de-mesure.html#param=messnetz-automatisch&station=FRU,https://www.meteoswiss.admin.ch/services-and-publications/applications/measurement-values-and-measuring-networks.html#param=messnetz-automatisch&station=FRU
GEN,Monte Generoso,TI,0-20000-0-06777,Stations météorologiques automatiques,Automatic weather stations,MeteoSchweiz,26.03.1992,1600,1601,2722503,1087455,45.927592,9.017875,Sommet,crest,https://www.meteosuisse.admin.ch/services-et-publications/applications/valeurs-mesurees-et-reseaux-de-mesure.html#param=messnetz-automatisch&station=GEN,https://www.meteoswiss.admin.ch/services-and-publications/applications/measurement-values-and-measuring-networks.html#param=messnetz-automatisch&station=GEN
GES,Gersau,SZ,0-20000-0-06653,Stations météorologiques automatiques,Automatic weather stations,MeteoSchweiz,01.02.1867,521,521,2682510,1205572,46.996069,8.523442,Versant sud,southern oriented slope,https://www.meteosuisse.admin.ch/services-et-publications/applications/valeurs-mesurees-et-reseaux-de-mesure.html#param=messnetz-automatisch&station=GES,https://www.meteoswiss.admin.ch/services-and-publications/applications/measurement-values-and-measuring-networks.html#param=messnetz-automatisch&station=GES
GIH,Giswil,OW,0-20000-0-06657,Stations météorologiques automatiques,Automatic weather stations,MeteoSchweiz,01.08.1976,471,472,2657323,1188976,46.849447,8.190225,Plaine,plain,https://www.meteosuisse.admin.ch/services-et-publications/applications/valeurs-mesurees-et-reseaux-de-mesure.html#param=messnetz-automatisch&station=GIH,https://www.meteoswiss.admin.ch/services-and-publications/applications/measurement-values-and-measuring-networks.html#param=messnetz-automatisch&station=GIH
GLA,Glarus,GL,0-20000-0-06685,Stations météorologiques automatiques,Automatic weather stations,MeteoSchweiz,01.01.1864,517,518,2723757,1210567,47.034586,9.066961,Butte (30-100 m au-dessus du fond de vallée),height (30-100 m above valley),https://www.meteosuisse.admin.ch/services-et-publications/applications/valeurs-mesurees-et-reseaux-de-mesure.html#param=messnetz-automatisch&station=GLA,https://www.meteoswiss.admin.ch/services-and-publications/applications/measurement-values-and-measuring-networks.html#param=messnetz-automatisch&station=GLA
GOE,Gösgen,SO,0-20000-0-06626,Stations météorologiques automatiques,Automatic weather stations,MeteoSchweiz,01.01.1959,380,382,2640422,1245949,47.363147,7.973733,Plaine,plain,https://www.meteosuisse.admin.ch/services-et-publications/applications/valeurs-mesurees-et-reseaux-de-mesure.html#param=messnetz-automatisch&station=GOE,https://www.meteoswiss.admin.ch/services-and-publications/applications/measurement-values-and-measuring-networks.html#param=messnetz-automatisch&station=GOE
GOR,Gornergrat,VS,0-20000-0-06749,Stations météorologiques automatiques,Automatic weather stations,MeteoSchweiz,28.07.1993,3129,3131,2626915,1092513,45.983644,7.785944,Sommet,crest,https://www.meteosuisse.admin.ch/services-et-publications/applications/valeurs-mesurees-et-reseaux-de-mesure.html#param=messnetz-automatisch&station=GOR,https://www.meteoswiss.admin.ch/services-and-publications/applications/measurement-values-and-measuring-networks.html#param=messnetz-automatisch&station=GOR
GOS,Göschenen,UR,0-20000-0-06668,Stations météorologiques automatiques,Automatic weather stations,MeteoSchweiz,01.01.1883,950,951,2688477,1171926,46.692678,8.595364,Vallée,valley,https://www.meteosuisse.admin.ch/services-et-publications/applications/valeurs-mesurees-et-reseaux-de-mesure.html#param=messnetz-automatisch&station=GOS,https://www.meteoswiss.admin.ch/services-and-publications/applications/measurement-values-and-measuring-networks.html#param=messnetz-automatisch&station=GOS
GRA,Fribourg / Grangeneuve,FR,0-20000-0-06625,Stations météorologiques automatiques,Automatic weather stations,MeteoSchweiz,01.01.1900,651,651,2575184,1180076,46.7714,7.113736,Butte (30-100 m au-dessus du fond de vallée),height (30-100 m above valley),https://www.meteosuisse.admin.ch/services-et-publications/applications/valeurs-mesurees-et-reseaux-de-mesure.html#param=messnetz-automatisch&station=GRA,https://www.meteoswiss.admin.ch/services-and-publications/applications/measurement-values-and-measuring-networks.html#param=messnetz-automatisch&station=GRA
GRC,Grächen,VS,0-20000-0-06728,Stations météorologiques automatiques,Automatic weather stations,MeteoSchweiz,01.12.1863,1605,1606,2630738,1116062,46.195314,7.836822,Versant ouest,western oriented slope,https://www.meteosuisse.admin.ch/services-et-publications/applications/valeurs-mesurees-et-reseaux-de-mesure.html#param=messnetz-automatisch&station=GRC,https://www.meteoswiss.admin.ch/services-and-publications/applications/measurement-values-and-measuring-networks.html#param=messnetz-automatisch&station=GRC
GRE,Grenchen,SO,0-20000-0-06632,Stations météorologiques automatiques,Automatic weather stations,MeteoSchweiz,14.05.1992,428,429,2598219,1225350,47.179097,7.415144,Plaine,plain,https://www.meteosuisse.admin.ch/services-et-publications/applications/valeurs-mesurees-et-reseaux-de-mesure.html#param=messnetz-automatisch&station=GRE,https://www.meteoswiss.admin.ch/services-and-publications/applications/measurement-values-and-measuring-networks.html#param=messnetz-automatisch&station=GRE
GRH,Grimsel Hospiz,BE,0-20000-0-06744,Stations météorologiques automatiques,Automatic weather stations,MeteoSchweiz/SLF,01.01.1868,1980,1962,2668583,1158215,46.571689,8.333256,Butte (30-100 m au-dessus du fond de vallée),height (30-100 m above valley),https://www.meteosuisse.admin.ch/services-et-publications/applications/valeurs-mesurees-et-reseaux-de-mesure.html#param=messnetz-automatisch&station=GRH,https://www.meteoswiss.admin.ch/services-and-publications/applications/measurement-values-and-measuring-networks.html#param=messnetz-automatisch&station=GRH
GRO,Grono,GR,0-20000-0-06758,Stations météorologiques automatiques,Automatic weather stations,MeteoSchweiz,01.01.1901,324,324,2733018,1124089,46.255075,9.163758,Vallée,valley,https://www.meteosuisse.admin.ch/services-et-publications/applications/valeurs-mesurees-et-reseaux-de-mesure.html#param=messnetz-automatisch&station=GRO,https://www.meteoswiss.admin.ch/services-and-publications/applications/measurement-values-and-measuring-networks.html#param=messnetz-automatisch&station=GRO
GSB,Col du Grand St-Bernard,VS,0-20000-0-06717,Stations météorologiques automatiques,Automatic weather stations,MeteoSchweiz,01.01.1818,2472,2488,2579191,1079754,45.869092,7.170683,Col,pass,https://www.meteosuisse.admin.ch/services-et-publications/applications/valeurs-mesurees-et-reseaux-de-mesure.html#param=messnetz-automatisch&station=GSB,https://www.meteoswiss.admin.ch/services-and-publications/applications/measurement-values-and-measuring-networks.html#param=messnetz-automatisch&station=GSB
GUE,Gütsch /  Andermatt,UR,,Stations météorologiques automatiques,Automatic weather stations,MeteoSchweiz,01.01.1954,2286,2288,2690087,1167480,46.652475,8.615531,Versant sud,southern oriented slope,https://www.meteosuisse.admin.ch/services-et-publications/applications/valeurs-mesurees-et-reseaux-de-mesure.html#param=messnetz-automatisch&station=GUE,https://www.meteoswiss.admin.ch/services-and-publications/applications/measurement-values-and-measuring-networks.html#param=messnetz-automatisch&station=GUE
GUT,Güttingen,TG,0-20000-0-06621,Stations météorologiques automatiques,Automatic weather stations,MeteoSchweiz,01.01.1959,440,441,2738423,1273962,47.601733,9.279428,Butte (30-100 m au-dessus du fond de vallée),height (30-100 m above valley),https://www.meteosuisse.admin.ch/services-et-publications/applications/valeurs-mesurees-et-reseaux-de-mesure.html#param=messnetz-automatisch&station=GUT,https://www.meteoswiss.admin.ch/services-and-publications/applications/measurement-values-and-measuring-networks.html#param=messnetz-automatisch&station=GUT
GVE,Genève / Cointrin,GE,0-20000-0-06700,Stations météorologiques automatiques,Automatic weather stations,MeteoSchweiz,01.01.1753,411,412,2498904,1122632,46.247519,6.127742,Plaine,plain,https://www.meteosuisse.admin.ch/services-et-publications/applications/valeurs-mesurees-et-reseaux-de-mesure.html#param=messnetz-automatisch&station=GVE,https://www.meteoswiss.admin.ch/services-and-publications/applications/measurement-values-and-measuring-networks.html#param=messnetz-automatisch&station=GVE
HAI,Salen-Reutenen,TG,0-20000-0-06623,Stations météorologiques automatiques,Automatic weather stations,MeteoSchweiz,01.01.1901,719,720,2719100,1279047,47.651242,9.023911,Plaine,plain,https://www.meteosuisse.admin.ch/services-et-publications/applications/valeurs-mesurees-et-reseaux-de-mesure.html#param=messnetz-automatisch&station=HAI,https://www.meteoswiss.admin.ch/services-and-publications/applications/measurement-values-and-measuring-networks.html#param=messnetz-automatisch&station=HAI
HLL,Hallau,SH,0-20000-0-06624,Stations météorologiques automatiques,Automatic weather stations,MeteoSchweiz,01.07.1886,419,420,2677457,1283472,47.697278,8.470464,Plaine,plain,https://www.meteosuisse.admin.ch/services-et-publications/applications/valeurs-mesurees-et-reseaux-de-mesure.html#param=messnetz-automatisch&station=HLL,https://www.meteoswiss.admin.ch/services-and-publications/applications/measurement-values-and-measuring-networks.html#param=messnetz-automatisch&station=HLL
HOE,Hörnli,ZH,0-20000-0-06689,Stations météorologiques automatiques,Automatic weather stations,MeteoSchweiz,01.08.1974,1133,1134,2713517,1247756,47.370864,8.941644,Sommet,crest,https://www.meteosuisse.admin.ch/services-et-publications/applications/valeurs-mesurees-et-reseaux-de-mesure.html#param=messnetz-automatisch&station=HOE,https://www.meteoswiss.admin.ch/services-and-publications/applications/measurement-values-and-measuring-networks.html#param=messnetz-automatisch&station=HOE
ILZ,Ilanz,GR,0-20000-0-06789,Stations météorologiques automatiques,Automatic weather stations,MeteoSchweiz,01.01.1892,698,699,2735686,1181965,46.775039,9.215353,Plaine,plain,https://www.meteosuisse.admin.ch/services-et-publications/applications/valeurs-mesurees-et-reseaux-de-mesure.html#param=messnetz-automatisch&station=ILZ,https://www.meteoswiss.admin.ch/services-and-publications/applications/measurement-values-and-measuring-networks.html#param=messnetz-automatisch&station=ILZ
INT,Interlaken,BE,0-20000-0-06734,Stations météorologiques automatiques,Automatic weather stations,MeteoSchweiz,01.01.1894,578,580,2633043,1169070,46.672033,7.87045,Plaine,plain,https://www.meteosuisse.admin.ch/services-et-publications/applications/valeurs-mesurees-et-reseaux-de-mesure.html#param=messnetz-automatisch&station=INT,https://www.meteoswiss.admin.ch/services-and-publications/applications/measurement-values-and-measuring-networks.html#param=messnetz-automatisch&station=INT
JUN,Jungfraujoch,VS,0-20000-0-06730,Stations météorologiques automatiques,Automatic weather stations,MeteoSchweiz,01.01.1931,3571,3576,2641939,1155287,46.547556,7.985444,Col,pass,https://www.meteosuisse.admin.ch/services-et-publications/applications/valeurs-mesurees-et-reseaux-de-mesure.html#param=messnetz-automatisch&station=JUN,https://www.meteoswiss.admin.ch/services-and-publications/applications/measurement-values-and-measuring-networks.html#param=messnetz-automatisch&station=JUN
KLO,Zürich / Kloten,ZH,0-20000-0-06670,Stations météorologiques automatiques,Automatic weather stations,MeteoSchweiz,01.01.1935,426,428,2682711,1259339,47.479611,8.535961,Plaine,plain,https://www.meteosuisse.admin.ch/services-et-publications/applications/valeurs-mesurees-et-reseaux-de-mesure.html#param=messnetz-automatisch&station=KLO,https://www.meteoswiss.admin.ch/services-and-publications/applications/measurement-values-and-measuring-networks.html#param=messnetz-automatisch&station=KLO
KOP,Koppigen,BE,0-20000-0-06635,Stations météorologiques automatiques,Automatic weather stations,MeteoSchweiz,01.11.1960,485,486,2612663,1218665,47.11885,7.605503,Plaine,plain,https://www.meteosuisse.admin.ch/services-et-publications/applications/valeurs-mesurees-et-reseaux-de-mesure.html#param=messnetz-automatisch&station=KOP,https://www.meteoswiss.admin.ch/services-and-publications/applications/measurement-values-and-measuring-networks.html#param=messnetz-automatisch&station=KOP
LAC,Lachen / Galgenen,SZ,0-20000-0-06665,Stations météorologiques automatiques,Automatic weather stations,MeteoSchweiz,01.10.1882,468,,2707638,1226334,47.179197,8.858686,Plaine,plain,https://www.meteosuisse.admin.ch/services-et-publications/applications/valeurs-mesurees-et-reseaux-de-mesure.html#param=messnetz-automatisch&station=LAC,https://www.meteoswiss.admin.ch/services-and-publications/applications/measurement-values-and-measuring-networks.html#param=messnetz-automatisch&station=LAC
LAE,Lägern,ZH,0-20000-0-06669,Stations météorologiques automatiques,Automatic weather stations,MeteoSchweiz,21.11.1989,845,,2672251,1259460,47.481933,8.397222,Sommet,crest,https://www.meteosuisse.admin.ch/services-et-publications/applications/valeurs-mesurees-et-reseaux-de-mesure.html#param=messnetz-automatisch&station=LAE,https://www.meteoswiss.admin.ch/services-and-publications/applications/measurement-values-and-measuring-networks.html#param=messnetz-automatisch&station=LAE
LAG,Langnau i.E.,BE,0-20000-0-06638,Stations météorologiques automatiques,Automatic weather stations,MeteoSchweiz,01.01.1900,744,745,2628004,1198793,46.939633,7.806425,Plaine,plain,https://www.meteosuisse.admin.ch/services-et-publications/applications/valeurs-mesurees-et-reseaux-de-mesure.html#param=messnetz-automatisch&station=LAG,https://www.meteoswiss.admin.ch/services-and-publications/applications/measurement-values-and-measuring-networks.html#param=messnetz-automatisch&station=LAG
LAT,Bergün / Latsch,GR,0-20000-0-06642,Stations météorologiques automatiques,Automatic weather stations,MeteoSchweiz,01.01.1973,1408,,2777274,1166618,46.627275,9.753706,Versant sud-ouest,south-western oriented slope,https://www.meteosuisse.admin.ch/services-et-publications/applications/valeurs-mesurees-et-reseaux-de-mesure.html#param=messnetz-automatisch&station=LAT,https://www.meteoswiss.admin.ch/services-and-publications/applications/measurement-values-and-measuring-networks.html#param=messnetz-automatisch&station=LAT
LEI,Leibstadt,AG,0-20000-0-06666,Stations météorologiques automatiques,Automatic weather stations,MeteoSchweiz,15.02.1984,341,343,2656375,1272122,47.597361,8.1882,Plaine,plain,https://www.meteosuisse.admin.ch/services-et-publications/applications/valeurs-mesurees-et-reseaux-de-mesure.html#param=messnetz-automatisch&station=LEI,https://www.meteoswiss.admin.ch/services-and-publications/applications/measurement-values-and-measuring-networks.html#param=messnetz-automatisch&station=LEI
LUG,Lugano,TI,0-20000-0-06770,Stations météorologiques automatiques,Automatic weather stations,MeteoSchweiz,01.01.1864,273,301,2717874,1095883,46.004217,8.960322,Plaine,plain,https://www.meteosuisse.admin.ch/services-et-publications/applications/valeurs-mesurees-et-reseaux-de-mesure.html#param=messnetz-automatisch&station=LUG,https://www.meteoswiss.admin.ch/services-and-publications/applications/measurement-values-and-measuring-networks.html#param=messnetz-automatisch&station=LUG
LUZ,Luzern,LU,0-20000-0-06650,Stations météorologiques automatiques,Automatic weather stations,MeteoSchweiz,01.01.1864,454,456,2665545,1209850,47.036439,8.301022,Plaine,plain,https://www.meteosuisse.admin.ch/services-et-publications/applications/valeurs-mesurees-et-reseaux-de-mesure.html#param=messnetz-automatisch&station=LUZ,https://www.meteoswiss.admin.ch/services-and-publications/applications/measurement-values-and-measuring-networks.html#param=messnetz-automatisch&station=LUZ
MAG,Magadino / Cadenazzo,TI,0-20000-0-06762,Stations météorologiques automatiques,Automatic weather stations,MeteoSchweiz,01.06.1953,203,205,2715480,1113161,46.160025,8.933672,Plaine,plain,https://www.meteosuisse.admin.ch/services-et-publications/applications/valeurs-mesurees-et-reseaux-de-mesure.html#param=messnetz-automatisch&station=MAG,https://www.meteoswiss.admin.ch/services-and-publications/applications/measurement-values-and-measuring-networks.html#param=messnetz-automatisch&station=MAG
MAH,Mathod,VD,0-20000-0-06618,Stations météorologiques automatiques,Automatic weather stations,MeteoSchweiz,06.08.1992,435,436,2533458,1176568,46.736978,6.567983,Plaine,plain,https://www.meteosuisse.admin.ch/services-et-publications/applications/valeurs-mesurees-et-reseaux-de-mesure.html#param=messnetz-automatisch&station=MAH,https://www.meteoswiss.admin.ch/services-and-publications/applications/measurement-values-and-measuring-networks.html#param=messnetz-automatisch&station=MAH
MAR,Les Marécottes,VS,0-20000-0-06614,Stations météorologiques automatiques,Automatic weather stations,MeteoSchweiz,01.01.1961,990,,2567374,1107577,46.118903,7.016597,Versant sud-est,south-eastern oriented slope,https://www.meteosuisse.admin.ch/services-et-publications/applications/valeurs-mesurees-et-reseaux-de-mesure.html#param=messnetz-automatisch&station=MAR,https://www.meteoswiss.admin.ch/services-and-publications/applications/measurement-values-and-measuring-networks.html#param=messnetz-automatisch&station=MAR
MAS,Marsens,FR,0-20000-0-06640,Stations météorologiques automatiques,Automatic weather stations,MeteoSchweiz,01.01.1901,715,,2571758,1167317,46.656486,7.069669,Plaine,plain,https://www.meteosuisse.admin.ch/services-et-publications/applications/valeurs-mesurees-et-reseaux-de-mesure.html#param=messnetz-automatisch&station=MAS,https://www.meteoswiss.admin.ch/services-and-publications/applications/measurement-values-and-measuring-networks.html#param=messnetz-automatisch&station=MAS
MER,Meiringen,BE,0-20000-0-06637,Stations météorologiques automatiques,Automatic weather stations,MeteoSchweiz,01.07.1889,589,589,2655844,1175930,46.732222,8.169247,Plaine,plain,https://www.meteosuisse.admin.ch/services-et-publications/applications/valeurs-mesurees-et-reseaux-de-mesure.html#param=messnetz-automatisch&station=MER,https://www.meteoswiss.admin.ch/services-and-publications/applications/measurement-values-and-measuring-networks.html#param=messnetz-automatisch&station=MER
MLS,Le Moléson,FR,0-20000-0-06609,Stations météorologiques automatiques,Automatic weather stations,MeteoSchweiz,21.09.1982,1974,1976,2567718,1155077,46.546197,7.017753,Sommet,crest,https://www.meteosuisse.admin.ch/services-et-publications/applications/valeurs-mesurees-et-reseaux-de-mesure.html#param=messnetz-automatisch&station=MLS,https://www.meteoswiss.admin.ch/services-and-publications/applications/measurement-values-and-measuring-networks.html#param=messnetz-automatisch&station=MLS
MOA,Mosen,LU,0-20000-0-06644,Stations météorologiques automatiques,Automatic weather stations,MeteoSchweiz,01.01.1901,453,454,2660129,1232852,47.243847,8.232831,Plaine,plain,https://www.meteosuisse.admin.ch/services-et-publications/applications/valeurs-mesurees-et-reseaux-de-mesure.html#param=messnetz-automatisch&station=MOA,https://www.meteoswiss.admin.ch/services-and-publications/applications/measurement-values-and-measuring-networks.html#param=messnetz-automatisch&station=MOA
MOB,Montagnier / Bagnes,VS,,Stations météorologiques automatiques,Automatic weather stations,MeteoSchweiz,01.03.1906,839,840,2583491,1102189,46.071019,7.225272,Vallée,valley,https://www.meteosuisse.admin.ch/services-et-publications/applications/valeurs-mesurees-et-reseaux-de-mesure.html#param=messnetz-automatisch&station=MOB,https://www.meteoswiss.admin.ch/services-and-publications/applications/measurement-values-and-measuring-networks.html#param=messnetz-automatisch&station=MOB
MOE,Möhlin,AG,0-20000-0-06641,Stations météorologiques automatiques,Automatic weather stations,MeteoSchweiz,01.01.1900,343,344,2633054,1269147,47.572197,7.877911,Plaine,plain,https://www.meteosuisse.admin.ch/services-et-publications/applications/valeurs-mesurees-et-reseaux-de-mesure.html#param=messnetz-automatisch&station=MOE,https://www.meteoswiss.admin.ch/services-and-publications/applications/measurement-values-and-measuring-networks.html#param=messnetz-automatisch&station=MOE
MTE,Mottec,VS,0-20000-0-06716,Stations météorologiques automatiques,Automatic weather stations,MeteoSchweiz,01.01.1973,1580,1581,2614324,1110730,46.147897,7.624033,Vallée,valley,https://www.meteosuisse.admin.ch/services-et-publications/applications/valeurs-mesurees-et-reseaux-de-mesure.html#param=messnetz-automatisch&station=MTE,https://www.meteoswiss.admin.ch/services-and-publications/applications/measurement-values-and-measuring-networks.html#param=messnetz-automatisch&station=MTE
MTR,Matro,TI,0-20000-0-06754,Stations météorologiques automatiques,Automatic weather stations,MeteoSchweiz,09.12.1992,2171,2190,2714264,1140943,46.410103,8.924742,Sommet,crest,https://www.meteosuisse.admin.ch/services-et-publications/applications/valeurs-mesurees-et-reseaux-de-mesure.html#param=messnetz-automatisch&station=MTR,https://www.meteoswiss.admin.ch/services-and-publications/applications/measurement-values-and-measuring-networks.html#param=messnetz-automatisch&station=MTR
MUB,Mühleberg,BE,0-20000-0-06636,Stations météorologiques automatiques,Automatic weather stations,MeteoSchweiz,01.01.1981,480,481,2587793,1202480,46.973278,7.278217,Plaine,plain,https://www.meteosuisse.admin.ch/services-et-publications/applications/valeurs-mesurees-et-reseaux-de-mesure.html#param=messnetz-automatisch&station=MUB,https://www.meteoswiss.admin.ch/services-and-publications/applications/measurement-values-and-measuring-networks.html#param=messnetz-automatisch&station=MUB
MVE,Montana,VS,0-20000-0-06724,Stations météorologiques automatiques,Automatic weather stations,MeteoSchweiz/SLF,01.01.1926,1423,1424,2601709,1127489,46.298806,7.460814,Versant sud-ouest,south-western oriented slope,https://www.meteosuisse.admin.ch/services-et-publications/applications/valeurs-mesurees-et-reseaux-de-mesure.html#param=messnetz-automatisch&station=MVE,https://www.meteoswiss.admin.ch/services-and-publications/applications/measurement-values-and-measuring-networks.html#param=messnetz-automatisch&station=MVE
NAP,Napf,BE,0-20000-0-06639,Stations météorologiques automatiques,Automatic weather stations,MeteoSchweiz,01.01.1978,1404,1405,2638137,1206079,47.004667,7.940117,Sommet,crest,https://www.meteosuisse.admin.ch/services-et-publications/applications/valeurs-mesurees-et-reseaux-de-mesure.html#param=messnetz-automatisch&station=NAP,https://www.meteoswiss.admin.ch/services-and-publications/applications/measurement-values-and-measuring-networks.html#param=messnetz-automatisch&station=NAP
NAS,Naluns / Schlivera,GR,0-20000-0-06799,Stations météorologiques automatiques,Automatic weather stations,MeteoSchweiz,06.11.1992,2380,2381,2815375,1188987,46.817164,10.2614,Versant sud-est,south-eastern oriented slope,https://www.meteosuisse.admin.ch/services-et-publications/applications/valeurs-mesurees-et-reseaux-de-mesure.html#param=messnetz-automatisch&station=NAS,https://www.meteoswiss.admin.ch/services-and-publications/applications/measurement-values-and-measuring-networks.html#param=messnetz-automatisch&station=NAS
NEU,Neuchâtel,NE,0-20000-0-06604,Stations météorologiques automatiques,Automatic weather stations,MeteoSchweiz,01.01.1864,485,485,2563087,1205560,47.000067,6.953297,Butte (30-100 m au-dessus du fond de vallée),height (30-100 m above valley),https://www.meteosuisse.admin.ch/services-et-publications/applications/valeurs-mesurees-et-reseaux-de-mesure.html#param=messnetz-automatisch&station=NEU,https://www.meteoswiss.admin.ch/services-and-publications/applications/measurement-values-and-measuring-networks.html#param=messnetz-automatisch&station=NEU
OBR,Oberriet / Kriessern,SG,0-20000-0-06649,Stations météorologiques automatiques,Automatic weather stations,MeteoSchweiz,27.08.2014,409,410,2764171,1249582,47.376608,9.612706,Plaine,plain,https://www.meteosuisse.admin.ch/services-et-publications/applications/valeurs-mesurees-et-reseaux-de-mesure.html#param=messnetz-automatisch&station=OBR,https://www.meteoswiss.admin.ch/services-and-publications/applications/measurement-values-and-measuring-networks.html#param=messnetz-automatisch&station=OBR
ORO,Oron,VD,0-20000-0-06708,Stations météorologiques automatiques,Automatic weather stations,MeteoSchweiz,01.02.1993,828,829,2555505,1158053,46.572269,6.858239,Butte (30-100 m au-dessus du fond de vallée),height (30-100 m above valley),https://www.meteosuisse.admin.ch/services-et-publications/applications/valeurs-mesurees-et-reseaux-de-mesure.html#param=messnetz-automatisch&station=ORO,https://www.meteoswiss.admin.ch/services-and-publications/applications/measurement-values-and-measuring-networks.html#param=messnetz-automatisch&station=ORO
OTL,Locarno / Monti,TI,0-20000-0-06760,Stations météorologiques automatiques,Automatic weather stations,MeteoSchweiz,01.01.1864,367,374,2704167,1114316,46.172256,8.787494,Versant sud,southern oriented slope,https://www.meteosuisse.admin.ch/services-et-publications/applications/valeurs-mesurees-et-reseaux-de-mesure.html#param=messnetz-automatisch&station=OTL,https://www.meteoswiss.admin.ch/services-and-publications/applications/measurement-values-and-measuring-networks.html#param=messnetz-automatisch&station=OTL
PAY,Payerne,VD,0-20000-0-06610,Stations météorologiques automatiques,Automatic weather stations,MeteoSchweiz,01.08.1964,490,490,2562131,1184612,46.811581,6.942469,Butte (30-100 m au-dessus du fond de vallée),height (30-100 m above valley),https://www.meteosuisse.admin.ch/services-et-publications/applications/valeurs-mesurees-et-reseaux-de-mesure.html#param=messnetz-automatisch&station=PAY,https://www.meteoswiss.admin.ch/services-and-publications/applications/measurement-values-and-measuring-networks.html#param=messnetz-automatisch&station=PAY
PFA,Pfäffikon,ZH,,Stations météorologiques automatiques,Automatic weather stations,MeteoSchweiz,01.01.1901,537,538,2699401,1248165,47.376817,8.754864,Plaine,plain,https://www.meteosuisse.admin.ch/services-et-publications/applications/valeurs-mesurees-et-reseaux-de-mesure.html#param=messnetz-automatisch&station=PFA,https://www.meteoswiss.admin.ch/services-and-publications/applications/measurement-values-and-measuring-networks.html#param=messnetz-automatisch&station=PFA
PIL,Pilatus,OW,0-20000-0-06659,Stations météorologiques automatiques,Automatic weather stations,MeteoSchweiz,31.12.1980,2105,2109,2661905,1203410,46.978869,8.252256,Sommet,crest,https://www.meteosuisse.admin.ch/services-et-publications/applications/valeurs-mesurees-et-reseaux-de-mesure.html#param=messnetz-automatisch&station=PIL,https://www.meteoswiss.admin.ch/services-and-publications/applications/measurement-values-and-measuring-networks.html#param=messnetz-automatisch&station=PIL
PIO,Piotta,TI,0-20000-0-06753,Stations météorologiques automatiques,Automatic weather stations,MeteoSchweiz,01.01.1959,990,991,2695881,1152264,46.514811,8.688039,Plaine,plain,https://www.meteosuisse.admin.ch/services-et-publications/applications/valeurs-mesurees-et-reseaux-de-mesure.html#param=messnetz-automatisch&station=PIO,https://www.meteoswiss.admin.ch/services-and-publications/applications/measurement-values-and-measuring-networks.html#param=messnetz-automatisch&station=PIO
PLF,Plaffeien,FR,0-20000-0-06628,Stations météorologiques automatiques,Automatic weather stations,MeteoSchweiz,01.01.1972,1042,1044,2586828,1177407,46.747717,7.266264,Butte (30-100 m au-dessus du fond de vallée),height (30-100 m above valley),https://www.meteosuisse.admin.ch/services-et-publications/applications/valeurs-mesurees-et-reseaux-de-mesure.html#param=messnetz-automatisch&station=PLF,https://www.meteoswiss.admin.ch/services-and-publications/applications/measurement-values-and-measuring-networks.html#param=messnetz-automatisch&station=PLF
PMA,Piz Martegnas,GR,0-20000-0-06795,Stations météorologiques automatiques,Automatic weather stations,MeteoSchweiz,28.10.1993,2668,2669,2760262,1160570,46.577181,9.529544,Sommet,crest,https://www.meteosuisse.admin.ch/services-et-publications/applications/valeurs-mesurees-et-reseaux-de-mesure.html#param=messnetz-automatisch&station=PMA,https://www.meteoswiss.admin.ch/services-and-publications/applications/measurement-values-and-measuring-networks.html#param=messnetz-automatisch&station=PMA
PRE,St-Prex,VD,0-20000-0-06706,Stations météorologiques automatiques,Automatic weather stations,MeteoSchweiz,16.04.1993,425,,2523549,1148526,46.483683,6.443,Plaine,plain,https://www.meteosuisse.admin.ch/services-et-publications/applications/valeurs-mesurees-et-reseaux-de-mesure.html#param=messnetz-automatisch&station=PRE,https://www.meteoswiss.admin.ch/services-and-publications/applications/measurement-values-and-measuring-networks.html#param=messnetz-automatisch&station=PRE
PSI,Würenlingen / PSI,AG,0-20000-0-06647,Stations météorologiques automatiques,Automatic weather stations,MeteoSchweiz,14.01.1992,334,336,2659356,1265381,47.536475,8.226944,Plaine,plain,https://www.meteosuisse.admin.ch/services-et-publications/applications/valeurs-mesurees-et-reseaux-de-mesure.html#param=messnetz-automatisch&station=PSI,https://www.meteoswiss.admin.ch/services-and-publications/applications/measurement-values-and-measuring-networks.html#param=messnetz-automatisch&station=PSI
PUY,Pully,VD,0-20000-0-06711,Stations météorologiques automatiques,Automatic weather stations,MeteoSchweiz,01.01.1901,456,457,2540819,1151511,46.512283,6.667517,Versant sud,southern oriented slope,https://www.meteosuisse.admin.ch/services-et-publications/applications/valeurs-mesurees-et-reseaux-de-mesure.html#param=messnetz-automatisch&station=PUY,https://www.meteoswiss.admin.ch/services-and-publications/applications/measurement-values-and-measuring-networks.html#param=messnetz-automatisch&station=PUY
QUI,Quinten,SG,0-20000-0-06687,Stations météorologiques automatiques,Automatic weather stations,MeteoSchweiz,23.07.1992,419,421,2734849,1221278,47.128739,9.21605,Versant sud,southern oriented slope,https://www.meteosuisse.admin.ch/services-et-publications/applications/valeurs-mesurees-et-reseaux-de-mesure.html#param=messnetz-automatisch&station=QUI,https://www.meteoswiss.admin.ch/services-and-publications/applications/measurement-values-and-measuring-networks.html#param=messnetz-automatisch&station=QUI
RAG,Bad Ragaz,SG,0-20000-0-06686,Stations météorologiques automatiques,Automatic weather stations,MeteoSchweiz,01.01.1864,497,497,2756911,1209351,47.016631,9.502594,Plaine,plain,https://www.meteosuisse.admin.ch/services-et-publications/applications/valeurs-mesurees-et-reseaux-de-mesure.html#param=messnetz-automatisch&station=RAG,https://www.meteoswiss.admin.ch/services-and-publications/applications/measurement-values-and-measuring-networks.html#param=messnetz-automatisch&station=RAG
REH,Zürich / Affoltern,ZH,0-20000-0-06664,Stations météorologiques automatiques,Automatic weather stations,MeteoSchweiz,01.01.1961,444,445,2681433,1253548,47.427694,8.517953,Plaine,plain,https://www.meteosuisse.admin.ch/services-et-publications/applications/valeurs-mesurees-et-reseaux-de-mesure.html#param=messnetz-automatisch&station=REH,https://www.meteoswiss.admin.ch/services-and-publications/applications/measurement-values-and-measuring-networks.html#param=messnetz-automatisch&station=REH
ROB,Poschiavo / Robbia,GR,0-20000-0-06794,Stations météorologiques automatiques,Automatic weather stations,MeteoSchweiz,01.01.1959,1078,1079,2801994,1136249,46.347217,10.063031,Vallée,valley,https://www.meteosuisse.admin.ch/services-et-publications/applications/valeurs-mesurees-et-reseaux-de-mesure.html#param=messnetz-automatisch&station=ROB,https://www.meteoswiss.admin.ch/services-and-publications/applications/measurement-values-and-measuring-networks.html#param=messnetz-automatisch&station=ROB
ROE,Robièi,TI,0-20000-0-06751,Stations météorologiques automatiques,Automatic weather stations,MeteoSchweiz,19.12.1990,1898,1896,2682588,1144091,46.443067,8.513389,Dépression,basin,https://www.meteosuisse.admin.ch/services-et-publications/applications/valeurs-mesurees-et-reseaux-de-mesure.html#param=messnetz-automatisch&station=ROE,https://www.meteoswiss.admin.ch/services-and-publications/applications/measurement-values-and-measuring-networks.html#param=messnetz-automatisch&station=ROE
RUE,Rünenberg,BL,0-20000-0-06645,Stations météorologiques automatiques,Automatic weather stations,MeteoSchweiz,01.05.1982,611,613,2633253,1253846,47.434572,7.879414,Butte (30-100 m au-dessus du fond de vallée),height (30-100 m above valley),https://www.meteosuisse.admin.ch/services-et-publications/applications/valeurs-mesurees-et-reseaux-de-mesure.html#param=messnetz-automatisch&station=RUE,https://www.meteoswiss.admin.ch/services-and-publications/applications/measurement-values-and-measuring-networks.html#param=messnetz-automatisch&station=RUE
SAE,Säntis,AI,0-20000-0-06680,Stations météorologiques automatiques,Automatic weather stations,MeteoSchweiz,01.01.1864,2501,2494,2744188,1234920,47.249447,9.343469,Sommet,crest,https://www.meteosuisse.admin.ch/services-et-publications/applications/valeurs-mesurees-et-reseaux-de-mesure.html#param=messnetz-automatisch&station=SAE,https://www.meteoswiss.admin.ch/services-and-publications/applications/measurement-values-and-measuring-networks.html#param=messnetz-automatisch&station=SAE
SAG,Sattel,SZ,,Stations météorologiques automatiques,Automatic weather stations,MeteoSchweiz,01.01.1901,790,791,2691000,1215145,47.081064,8.636967,Plaine,plain,https://www.meteosuisse.admin.ch/services-et-publications/applications/valeurs-mesurees-et-reseaux-de-mesure.html#param=messnetz-automatisch&station=SAG,https://www.meteoswiss.admin.ch/services-and-publications/applications/measurement-values-and-measuring-networks.html#param=messnetz-automatisch&station=SAG
SAM,Samedan,GR,0-20000-0-06792,Stations météorologiques automatiques,Automatic weather stations,MeteoSchweiz,01.01.1864,1709,1710,2787251,1155685,46.526247,9.879469,Plaine,plain,https://www.meteosuisse.admin.ch/services-et-publications/applications/valeurs-mesurees-et-reseaux-de-mesure.html#param=messnetz-automatisch&station=SAM,https://www.meteoswiss.admin.ch/services-and-publications/applications/measurement-values-and-measuring-networks.html#param=messnetz-automatisch&station=SAM
SBE,S. Bernardino,GR,0-20000-0-06783,Stations météorologiques automatiques,Automatic weather stations,MeteoSchweiz/SLF,01.01.1864,1639,1640,2734116,1147294,46.463542,9.1847,Vallée,valley,https://www.meteosuisse.admin.ch/services-et-publications/applications/valeurs-mesurees-et-reseaux-de-mesure.html#param=messnetz-automatisch&station=SBE,https://www.meteoswiss.admin.ch/services-and-publications/applications/measurement-values-and-measuring-networks.html#param=messnetz-automatisch&station=SBE
SBO,Stabio,TI,0-20000-0-06771,Stations météorologiques automatiques,Automatic weather stations,MeteoSchweiz,09.07.1981,351,353,2716049,1077972,45.843444,8.932364,Plaine,plain,https://www.meteosuisse.admin.ch/services-et-publications/applications/valeurs-mesurees-et-reseaux-de-mesure.html#param=messnetz-automatisch&station=SBO,https://www.meteoswiss.admin.ch/services-and-publications/applications/measurement-values-and-measuring-networks.html#param=messnetz-automatisch&station=SBO
SCM,Schmerikon,SG,0-20000-0-06683,Stations météorologiques automatiques,Automatic weather stations,MeteoSchweiz,28.01.1993,408,409,2713726,1231533,47.224933,8.9403,Plaine,plain,https://www.meteosuisse.admin.ch/services-et-publications/applications/valeurs-mesurees-et-reseaux-de-mesure.html#param=messnetz-automatisch&station=SCM,https://www.meteoswiss.admin.ch/services-and-publications/applications/measurement-values-and-measuring-networks.html#param=messnetz-automatisch&station=SCM
SCU,Scuol,GR,0-20000-0-06798,Stations météorologiques automatiques,Automatic weather stations,MeteoSchweiz,01.01.1881,1304,1305,2817139,1186393,46.793275,10.283267,Versant sud-est,south-eastern oriented slope,https://www.meteosuisse.admin.ch/services-et-publications/applications/valeurs-mesurees-et-reseaux-de-mesure.html#param=messnetz-automatisch&station=SCU,https://www.meteoswiss.admin.ch/services-and-publications/applications/measurement-values-and-measuring-networks.html#param=messnetz-automatisch&station=SCU
SHA,Schaffhausen,SH,0-20000-0-06620,Stations météorologiques automatiques,Automatic weather stations,MeteoSchweiz,01.10.1863,438,440,2688704,1282803,47.689842,8.620142,Versant est,eastern oriented slope,https://www.meteosuisse.admin.ch/services-et-publications/applications/valeurs-mesurees-et-reseaux-de-mesure.html#param=messnetz-automatisch&station=SHA,https://www.meteoswiss.admin.ch/services-and-publications/applications/measurement-values-and-measuring-networks.html#param=messnetz-automatisch&station=SHA
SIA,Segl-Maria,GR,0-20000-0-06779,Stations météorologiques automatiques,Automatic weather stations,MeteoSchweiz,01.12.1863,1804,1805,2778576,1144976,46.432331,9.762325,Plaine,plain,https://www.meteosuisse.admin.ch/services-et-publications/applications/valeurs-mesurees-et-reseaux-de-mesure.html#param=messnetz-automatisch&station=SIA,https://www.meteoswiss.admin.ch/services-and-publications/applications/measurement-values-and-measuring-networks.html#param=messnetz-automatisch&station=SIA
SIM,Simplon-Dorf,VS,0-20000-0-06654,Stations météorologiques automatiques,Automatic weather stations,MeteoSchweiz,01.01.1961,1465,1473,2647683,1116340,46.196825,8.056336,Vallée,valley,https://www.meteosuisse.admin.ch/services-et-publications/applications/valeurs-mesurees-et-reseaux-de-mesure.html#param=messnetz-automatisch&station=SIM,https://www.meteoswiss.admin.ch/services-and-publications/applications/measurement-values-and-measuring-networks.html#param=messnetz-automatisch&station=SIM
SIO,Sion,VS,0-20000-0-06720,Stations météorologiques automatiques,Automatic weather stations,MeteoSchweiz,01.01.1864,482,483,2591633,1118584,46.21865,7.330203,Plaine,plain,https://www.meteosuisse.admin.ch/services-et-publications/applications/valeurs-mesurees-et-reseaux-de-mesure.html#param=messnetz-automatisch&station=SIO,https://www.meteoswiss.admin.ch/services-and-publications/applications/measurement-values-and-measuring-networks.html#param=messnetz-automatisch&station=SIO
SMA,Zürich / Fluntern,ZH,0-20000-0-06660,Stations météorologiques automatiques,Automatic weather stations,MeteoSchweiz,01.01.1864,556,557,2685118,1248066,47.377925,8.565742,Versant sud,southern oriented slope,https://www.meteosuisse.admin.ch/services-et-publications/applications/valeurs-mesurees-et-reseaux-de-mesure.html#param=messnetz-automatisch&station=SMA,https://www.meteoswiss.admin.ch/services-and-publications/applications/measurement-values-and-measuring-networks.html#param=messnetz-automatisch&station=SMA
SMM,Sta. Maria /  Val Müstair,GR,,Stations météorologiques automatiques,Automatic weather stations,MeteoSchweiz/SLF,01.10.1900,1386,1387,2828862,1165580,46.602256,10.426314,Versant nord-ouest,north-western oriented slope,https://www.meteosuisse.admin.ch/services-et-publications/applications/valeurs-mesurees-et-reseaux-de-mesure.html#param=messnetz-automatisch&station=SMM,https://www.meteoswiss.admin.ch/services-and-publications/applications/measurement-values-and-measuring-networks.html#param=messnetz-automatisch&station=SMM
SPF,Schüpfheim,LU,0-20000-0-06651,Stations météorologiques automatiques,Automatic weather stations,MeteoSchweiz,28.04.1993,744,745,2643684,1199711,46.947042,8.012442,Plaine,plain,https://www.meteosuisse.admin.ch/services-et-publications/applications/valeurs-mesurees-et-reseaux-de-mesure.html#param=messnetz-automatisch&station=SPF,https://www.meteoswiss.admin.ch/services-and-publications/applications/measurement-values-and-measuring-networks.html#param=messnetz-automatisch&station=SPF
SRS,Schiers,GR,0-20000-0-06790,Stations météorologiques automatiques,Automatic weather stations,MeteoSchweiz,01.06.1885,626,,2769618,1205125,46.975506,9.668075,Plaine,plain,https://www.meteosuisse.admin.ch/services-et-publications/applications/valeurs-mesurees-et-reseaux-de-mesure.html#param=messnetz-automatisch&station=SRS,https://www.meteoswiss.admin.ch/services-and-publications/applications/measurement-values-and-measuring-networks.html#param=messnetz-automatisch&station=SRS
STC,St. Chrischona,BS,0-20000-0-06600,Stations météorologiques automatiques,Automatic weather stations,MeteoSchweiz,12.12.1991,493,,2618696,1269037,47.571767,7.687094,Sommet,crest,https://www.meteosuisse.admin.ch/services-et-publications/applications/valeurs-mesurees-et-reseaux-de-mesure.html#param=messnetz-automatisch&station=STC,https://www.meteoswiss.admin.ch/services-and-publications/applications/measurement-values-and-measuring-networks.html#param=messnetz-automatisch&station=STC
STG,St. Gallen,SG,0-20000-0-06681,Stations météorologiques automatiques,Automatic weather stations,MeteoSchweiz,01.01.1864,776,777,2747866,1254588,47.425475,9.398528,Versant nord-ouest,north-western oriented slope,https://www.meteosuisse.admin.ch/services-et-publications/applications/valeurs-mesurees-et-reseaux-de-mesure.html#param=messnetz-automatisch&station=STG,https://www.meteoswiss.admin.ch/services-and-publications/applications/measurement-values-and-measuring-networks.html#param=messnetz-automatisch&station=STG
STK,Steckborn,TG,0-20000-0-06671,Stations météorologiques automatiques,Automatic weather stations,MeteoSchweiz,01.02.1993,397,398,2715872,1280916,47.668628,8.981433,Plaine,plain,https://www.meteosuisse.admin.ch/services-et-publications/applications/valeurs-mesurees-et-reseaux-de-mesure.html#param=messnetz-automatisch&station=STK,https://www.meteoswiss.admin.ch/services-and-publications/applications/measurement-values-and-measuring-networks.html#param=messnetz-automatisch&station=STK
TAE,Aadorf / Tänikon,TG,0-20000-0-06679,Stations météorologiques automatiques,Automatic weather stations,MeteoSchweiz,01.01.1970,539,539,2710518,1259824,47.479892,8.904928,Plaine,plain,https://www.meteosuisse.admin.ch/services-et-publications/applications/valeurs-mesurees-et-reseaux-de-mesure.html#param=messnetz-automatisch&station=TAE,https://www.meteoswiss.admin.ch/services-and-publications/applications/measurement-values-and-measuring-networks.html#param=messnetz-automatisch&station=TAE
THU,Thun,BE,0-20000-0-06731,Stations météorologiques automatiques,Automatic weather stations,MeteoSchweiz,31.05.1875,570,571,2611201,1177640,46.749853,7.585222,Plaine,plain,https://www.meteosuisse.admin.ch/services-et-publications/applications/valeurs-mesurees-et-reseaux-de-mesure.html#param=messnetz-automatisch&station=THU,https://www.meteoswiss.admin.ch/services-and-publications/applications/measurement-values-and-measuring-networks.html#param=messnetz-automatisch&station=THU
TIT,Titlis,OW,0-20000-0-06740,Stations météorologiques automatiques,Automatic weather stations,MeteoSchweiz,19.05.1993,3045,3096,2675413,1180411,46.770608,8.425981,Sommet,crest,https://www.meteosuisse.admin.ch/services-et-publications/applications/valeurs-mesurees-et-reseaux-de-mesure.html#param=messnetz-automatisch&station=TIT,https://www.meteoswiss.admin.ch/services-and-publications/applications/measurement-values-and-measuring-networks.html#param=messnetz-automatisch&station=TIT
UEB,Uetliberg,ZH,0-20000-0-06677,Stations météorologiques automatiques,Automatic weather stations,MeteoSchweiz,14.11.1991,854,,2679455,1245034,47.351364,8.490225,Sommet,crest,https://www.meteosuisse.admin.ch/services-et-publications/applications/valeurs-mesurees-et-reseaux-de-mesure.html#param=messnetz-automatisch&station=UEB,https://www.meteoswiss.admin.ch/services-and-publications/applications/measurement-values-and-measuring-networks.html#param=messnetz-automatisch&station=UEB
ULR,Ulrichen,VS,0-20000-0-06745,Stations météorologiques automatiques,Automatic weather stations,MeteoSchweiz,01.01.1959,1346,1347,2666748,1150767,46.504881,8.308236,Plaine,plain,https://www.meteosuisse.admin.ch/services-et-publications/applications/valeurs-mesurees-et-reseaux-de-mesure.html#param=messnetz-automatisch&station=ULR,https://www.meteoswiss.admin.ch/services-and-publications/applications/measurement-values-and-measuring-networks.html#param=messnetz-automatisch&station=ULR
VAB,Valbella,GR,0-20000-0-06793,Stations météorologiques automatiques,Automatic weather stations,MeteoSchweiz,01.07.1993,1568,1569,2761636,1180385,46.755039,9.554433,Col,pass,https://www.meteosuisse.admin.ch/services-et-publications/applications/valeurs-mesurees-et-reseaux-de-mesure.html#param=messnetz-automatisch&station=VAB,https://www.meteoswiss.admin.ch/services-and-publications/applications/measurement-values-and-measuring-networks.html#param=messnetz-automatisch&station=VAB
VAD,Vaduz,FL,0-20000-0-06990,Stations météorologiques automatiques,Automatic weather stations,MeteoSchweiz,01.01.1961,457,459,2757724,1221699,47.127472,9.517578,Plaine,plain,https://www.meteosuisse.admin.ch/services-et-publications/applications/valeurs-mesurees-et-reseaux-de-mesure.html#param=messnetz-automatisch&station=VAD,https://www.meteoswiss.admin.ch/services-and-publications/applications/measurement-values-and-measuring-networks.html#param=messnetz-automatisch&station=VAD
VEV,Vevey / Corseaux,VD,0-20000-0-06603,Stations météorologiques automatiques,Automatic weather stations,MeteoSchweiz,01.01.1961,405,,2552106,1146847,46.471239,6.815056,Versant sud,southern oriented slope,https://www.meteosuisse.admin.ch/services-et-publications/applications/valeurs-mesurees-et-reseaux-de-mesure.html#param=messnetz-automatisch&station=VEV,https://www.meteoswiss.admin.ch/services-and-publications/applications/measurement-values-and-measuring-networks.html#param=messnetz-automatisch&station=VEV
VIO,Vicosoprano,GR,0-20000-0-06788,Stations météorologiques automatiques,Automatic weather stations,MeteoSchweiz,01.01.1901,1089,1090,2768487,1135866,46.353019,9.6278,Vallée,valley,https://www.meteosuisse.admin.ch/services-et-publications/applications/valeurs-mesurees-et-reseaux-de-mesure.html#param=messnetz-automatisch&station=VIO,https://www.meteoswiss.admin.ch/services-and-publications/applications/measurement-values-and-measuring-networks.html#param=messnetz-automatisch&station=VIO
VIS,Visp,VS,0-20000-0-06727,Stations météorologiques automatiques,Automatic weather stations,MeteoSchweiz,01.01.1959,639,641,2631151,1128024,46.3029,7.842958,Plaine,plain,https://www.meteosuisse.admin.ch/services-et-publications/applications/valeurs-mesurees-et-reseaux-de-mesure.html#param=messnetz-automatisch&station=VIS,https://www.meteoswiss.admin.ch/services-and-publications/applications/measurement-values-and-measuring-networks.html#param=messnetz-automatisch&station=VIS
VIT,Villars-Tiercelin,VD,0-20000-0-06707,Stations météorologiques automatiques,Automatic weather stations,MeteoSchweiz,01.01.1973,859,,2544198,1163651,46.621778,6.710069,Versant ouest,western oriented slope,https://www.meteosuisse.admin.ch/services-et-publications/applications/valeurs-mesurees-et-reseaux-de-mesure.html#param=messnetz-automatisch&station=VIT,https://www.meteoswiss.admin.ch/services-and-publications/applications/measurement-values-and-measuring-networks.html#param=messnetz-automatisch&station=VIT
VLS,Vals,GR,0-20000-0-06663,Stations météorologiques automatiques,Automatic weather stations,MeteoSchweiz,01.02.1892,1242,,2734017,1165551,46.627758,9.188711,Vallée,valley,https://www.meteosuisse.admin.ch/services-et-publications/applications/valeurs-mesurees-et-reseaux-de-mesure.html#param=messnetz-automatisch&station=VLS,https://www.meteoswiss.admin.ch/services-and-publications/applications/measurement-values-and-measuring-networks.html#param=messnetz-automatisch&station=VLS
WAE,Wädenswil,ZH,0-20000-0-06673,Stations météorologiques automatiques,Automatic weather stations,MeteoSchweiz,01.01.1961,485,487,2693848,1230744,47.220958,8.677706,Versant nord-est,north-eastern oriented slope,https://www.meteosuisse.admin.ch/services-et-publications/applications/valeurs-mesurees-et-reseaux-de-mesure.html#param=messnetz-automatisch&station=WAE,https://www.meteoswiss.admin.ch/services-and-publications/applications/measurement-values-and-measuring-networks.html#param=messnetz-automatisch&station=WAE
WFJ,Weissfluhjoch,GR,0-20000-0-06780,Stations météorologiques automatiques,Automatic weather stations,MeteoSchweiz/SLF,01.11.1958,2691,2674,2780616,1189634,46.833325,9.806394,Sommet,crest,https://www.meteosuisse.admin.ch/services-et-publications/applications/valeurs-mesurees-et-reseaux-de-mesure.html#param=messnetz-automatisch&station=WFJ,https://www.meteoswiss.admin.ch/services-and-publications/applications/measurement-values-and-measuring-networks.html#param=messnetz-automatisch&station=WFJ
WYN,Wynau,BE,0-20000-0-06643,Stations météorologiques automatiques,Automatic weather stations,MeteoSchweiz,01.01.1978,422,424,2626405,1233849,47.255025,7.787475,Dépression,basin,https://www.meteosuisse.admin.ch/services-et-publications/applications/valeurs-mesurees-et-reseaux-de-mesure.html#param=messnetz-automatisch&station=WYN,https://www.meteoswiss.admin.ch/services-and-publications/applications/measurement-values-and-measuring-networks.html#param=messnetz-automatisch&station=WYN
ZER,Zermatt,VS,0-20000-0-06748,Stations météorologiques automatiques,Automatic weather stations,MeteoSchweiz/SLF,01.04.1892,1638,1640,2624298,1097574,46.029272,7.752433,Versant ouest,western oriented slope,https://www.meteosuisse.admin.ch/services-et-publications/applications/valeurs-mesurees-et-reseaux-de-mesure.html#param=messnetz-automatisch&station=ZER,https://www.meteoswiss.admin.ch/services-and-publications/applications/measurement-values-and-measuring-networks.html#param=messnetz-automatisch&station=ZER
